class	path
com.github.mikephil.charting.renderer.AxisRenderer	/Users/nima/Developer/NullAwayFixer/Projects/MPAndroidChart/MPChartLib/src/main/java/com/github/mikephil/charting/renderer/AxisRenderer.java
com.github.mikephil.charting.renderer.Renderer	/Users/nima/Developer/NullAwayFixer/Projects/MPAndroidChart/MPChartLib/src/main/java/com/github/mikephil/charting/renderer/Renderer.java
com.github.mikephil.charting.components.AxisBase	/Users/nima/Developer/NullAwayFixer/Projects/MPAndroidChart/MPChartLib/src/main/java/com/github/mikephil/charting/components/AxisBase.java
com.github.mikephil.charting.components.ComponentBase	/Users/nima/Developer/NullAwayFixer/Projects/MPAndroidChart/MPChartLib/src/main/java/com/github/mikephil/charting/components/ComponentBase.java
com.github.mikephil.charting.utils.Transformer	/Users/nima/Developer/NullAwayFixer/Projects/MPAndroidChart/MPChartLib/src/main/java/com/github/mikephil/charting/utils/Transformer.java
com.github.mikephil.charting.utils.ViewPortHandler	/Users/nima/Developer/NullAwayFixer/Projects/MPAndroidChart/MPChartLib/src/main/java/com/github/mikephil/charting/utils/ViewPortHandler.java
com.github.mikephil.charting.utils.MPPointF	/Users/nima/Developer/NullAwayFixer/Projects/MPAndroidChart/MPChartLib/src/main/java/com/github/mikephil/charting/utils/MPPointF.java
com.github.mikephil.charting.utils.MPPointF$1	/Users/nima/Developer/NullAwayFixer/Projects/MPAndroidChart/MPChartLib/src/main/java/com/github/mikephil/charting/utils/MPPointF.java
com.github.mikephil.charting.utils.ObjectPool	/Users/nima/Developer/NullAwayFixer/Projects/MPAndroidChart/MPChartLib/src/main/java/com/github/mikephil/charting/utils/ObjectPool.java
com.github.mikephil.charting.utils.ObjectPool$Poolable	/Users/nima/Developer/NullAwayFixer/Projects/MPAndroidChart/MPChartLib/src/main/java/com/github/mikephil/charting/utils/ObjectPool.java
com.github.mikephil.charting.interfaces.datasets.IScatterDataSet	/Users/nima/Developer/NullAwayFixer/Projects/MPAndroidChart/MPChartLib/src/main/java/com/github/mikephil/charting/interfaces/datasets/IScatterDataSet.java
com.github.mikephil.charting.interfaces.datasets.ILineScatterCandleRadarDataSet	/Users/nima/Developer/NullAwayFixer/Projects/MPAndroidChart/MPChartLib/src/main/java/com/github/mikephil/charting/interfaces/datasets/ILineScatterCandleRadarDataSet.java
com.github.mikephil.charting.interfaces.datasets.IBarLineScatterCandleBubbleDataSet	/Users/nima/Developer/NullAwayFixer/Projects/MPAndroidChart/MPChartLib/src/main/java/com/github/mikephil/charting/interfaces/datasets/IBarLineScatterCandleBubbleDataSet.java
com.github.mikephil.charting.interfaces.datasets.IDataSet	/Users/nima/Developer/NullAwayFixer/Projects/MPAndroidChart/MPChartLib/src/main/java/com/github/mikephil/charting/interfaces/datasets/IDataSet.java
com.github.mikephil.charting.data.Entry	/Users/nima/Developer/NullAwayFixer/Projects/MPAndroidChart/MPChartLib/src/main/java/com/github/mikephil/charting/data/Entry.java
com.github.mikephil.charting.data.Entry$1	/Users/nima/Developer/NullAwayFixer/Projects/MPAndroidChart/MPChartLib/src/main/java/com/github/mikephil/charting/data/Entry.java
com.github.mikephil.charting.data.BaseEntry	/Users/nima/Developer/NullAwayFixer/Projects/MPAndroidChart/MPChartLib/src/main/java/com/github/mikephil/charting/data/BaseEntry.java
com.github.mikephil.charting.interfaces.datasets.IBubbleDataSet	/Users/nima/Developer/NullAwayFixer/Projects/MPAndroidChart/MPChartLib/src/main/java/com/github/mikephil/charting/interfaces/datasets/IBubbleDataSet.java
com.github.mikephil.charting.data.BubbleEntry	/Users/nima/Developer/NullAwayFixer/Projects/MPAndroidChart/MPChartLib/src/main/java/com/github/mikephil/charting/data/BubbleEntry.java
com.github.mikephil.charting.interfaces.datasets.ILineDataSet	/Users/nima/Developer/NullAwayFixer/Projects/MPAndroidChart/MPChartLib/src/main/java/com/github/mikephil/charting/interfaces/datasets/ILineDataSet.java
com.github.mikephil.charting.interfaces.datasets.ILineRadarDataSet	/Users/nima/Developer/NullAwayFixer/Projects/MPAndroidChart/MPChartLib/src/main/java/com/github/mikephil/charting/interfaces/datasets/ILineRadarDataSet.java
com.github.mikephil.charting.interfaces.datasets.ICandleDataSet	/Users/nima/Developer/NullAwayFixer/Projects/MPAndroidChart/MPChartLib/src/main/java/com/github/mikephil/charting/interfaces/datasets/ICandleDataSet.java
com.github.mikephil.charting.data.CandleEntry	/Users/nima/Developer/NullAwayFixer/Projects/MPAndroidChart/MPChartLib/src/main/java/com/github/mikephil/charting/data/CandleEntry.java
com.github.mikephil.charting.utils.MPPointD	/Users/nima/Developer/NullAwayFixer/Projects/MPAndroidChart/MPChartLib/src/main/java/com/github/mikephil/charting/utils/MPPointD.java
com.github.mikephil.charting.data.LineDataSet	/Users/nima/Developer/NullAwayFixer/Projects/MPAndroidChart/MPChartLib/src/main/java/com/github/mikephil/charting/data/LineDataSet.java
com.github.mikephil.charting.data.LineDataSet$Mode	/Users/nima/Developer/NullAwayFixer/Projects/MPAndroidChart/MPChartLib/src/main/java/com/github/mikephil/charting/data/LineDataSet.java
com.github.mikephil.charting.data.LineRadarDataSet	/Users/nima/Developer/NullAwayFixer/Projects/MPAndroidChart/MPChartLib/src/main/java/com/github/mikephil/charting/data/LineRadarDataSet.java
com.github.mikephil.charting.data.LineScatterCandleRadarDataSet	/Users/nima/Developer/NullAwayFixer/Projects/MPAndroidChart/MPChartLib/src/main/java/com/github/mikephil/charting/data/LineScatterCandleRadarDataSet.java
com.github.mikephil.charting.data.BarLineScatterCandleBubbleDataSet	/Users/nima/Developer/NullAwayFixer/Projects/MPAndroidChart/MPChartLib/src/main/java/com/github/mikephil/charting/data/BarLineScatterCandleBubbleDataSet.java
com.github.mikephil.charting.data.DataSet	/Users/nima/Developer/NullAwayFixer/Projects/MPAndroidChart/MPChartLib/src/main/java/com/github/mikephil/charting/data/DataSet.java
com.github.mikephil.charting.data.DataSet$Rounding	/Users/nima/Developer/NullAwayFixer/Projects/MPAndroidChart/MPChartLib/src/main/java/com/github/mikephil/charting/data/DataSet.java
com.github.mikephil.charting.data.BaseDataSet	/Users/nima/Developer/NullAwayFixer/Projects/MPAndroidChart/MPChartLib/src/main/java/com/github/mikephil/charting/data/BaseDataSet.java
com.github.mikephil.charting.formatter.IFillFormatter	/Users/nima/Developer/NullAwayFixer/Projects/MPAndroidChart/MPChartLib/src/main/java/com/github/mikephil/charting/formatter/IFillFormatter.java
com.github.mikephil.charting.interfaces.dataprovider.LineDataProvider	/Users/nima/Developer/NullAwayFixer/Projects/MPAndroidChart/MPChartLib/src/main/java/com/github/mikephil/charting/interfaces/dataprovider/LineDataProvider.java
com.github.mikephil.charting.components.YAxis	/Users/nima/Developer/NullAwayFixer/Projects/MPAndroidChart/MPChartLib/src/main/java/com/github/mikephil/charting/components/YAxis.java
com.github.mikephil.charting.components.YAxis$YAxisLabelPosition	/Users/nima/Developer/NullAwayFixer/Projects/MPAndroidChart/MPChartLib/src/main/java/com/github/mikephil/charting/components/YAxis.java
com.github.mikephil.charting.components.YAxis$AxisDependency	/Users/nima/Developer/NullAwayFixer/Projects/MPAndroidChart/MPChartLib/src/main/java/com/github/mikephil/charting/components/YAxis.java
com.github.mikephil.charting.interfaces.dataprovider.BarLineScatterCandleBubbleDataProvider	/Users/nima/Developer/NullAwayFixer/Projects/MPAndroidChart/MPChartLib/src/main/java/com/github/mikephil/charting/interfaces/dataprovider/BarLineScatterCandleBubbleDataProvider.java
com.github.mikephil.charting.interfaces.dataprovider.ChartInterface	/Users/nima/Developer/NullAwayFixer/Projects/MPAndroidChart/MPChartLib/src/main/java/com/github/mikephil/charting/interfaces/dataprovider/ChartInterface.java
com.github.mikephil.charting.data.LineData	/Users/nima/Developer/NullAwayFixer/Projects/MPAndroidChart/MPChartLib/src/main/java/com/github/mikephil/charting/data/LineData.java
com.github.mikephil.charting.data.BarLineScatterCandleBubbleData	/Users/nima/Developer/NullAwayFixer/Projects/MPAndroidChart/MPChartLib/src/main/java/com/github/mikephil/charting/data/BarLineScatterCandleBubbleData.java
com.github.mikephil.charting.data.ChartData	/Users/nima/Developer/NullAwayFixer/Projects/MPAndroidChart/MPChartLib/src/main/java/com/github/mikephil/charting/data/ChartData.java
com.github.mikephil.charting.highlight.Highlight	/Users/nima/Developer/NullAwayFixer/Projects/MPAndroidChart/MPChartLib/src/main/java/com/github/mikephil/charting/highlight/Highlight.java
com.github.mikephil.charting.formatter.IValueFormatter	/Users/nima/Developer/NullAwayFixer/Projects/MPAndroidChart/MPChartLib/src/main/java/com/github/mikephil/charting/formatter/IValueFormatter.java
com.github.mikephil.charting.components.Legend	/Users/nima/Developer/NullAwayFixer/Projects/MPAndroidChart/MPChartLib/src/main/java/com/github/mikephil/charting/components/Legend.java
com.github.mikephil.charting.components.Legend$LegendForm	/Users/nima/Developer/NullAwayFixer/Projects/MPAndroidChart/MPChartLib/src/main/java/com/github/mikephil/charting/components/Legend.java
com.github.mikephil.charting.components.Legend$LegendHorizontalAlignment	/Users/nima/Developer/NullAwayFixer/Projects/MPAndroidChart/MPChartLib/src/main/java/com/github/mikephil/charting/components/Legend.java
com.github.mikephil.charting.components.Legend$LegendVerticalAlignment	/Users/nima/Developer/NullAwayFixer/Projects/MPAndroidChart/MPChartLib/src/main/java/com/github/mikephil/charting/components/Legend.java
com.github.mikephil.charting.components.Legend$LegendOrientation	/Users/nima/Developer/NullAwayFixer/Projects/MPAndroidChart/MPChartLib/src/main/java/com/github/mikephil/charting/components/Legend.java
com.github.mikephil.charting.components.Legend$LegendDirection	/Users/nima/Developer/NullAwayFixer/Projects/MPAndroidChart/MPChartLib/src/main/java/com/github/mikephil/charting/components/Legend.java
com.github.mikephil.charting.components.LegendEntry	/Users/nima/Developer/NullAwayFixer/Projects/MPAndroidChart/MPChartLib/src/main/java/com/github/mikephil/charting/components/LegendEntry.java
com.github.mikephil.charting.utils.FSize	/Users/nima/Developer/NullAwayFixer/Projects/MPAndroidChart/MPChartLib/src/main/java/com/github/mikephil/charting/utils/FSize.java
com.github.mikephil.charting.renderer.scatter.IShapeRenderer	/Users/nima/Developer/NullAwayFixer/Projects/MPAndroidChart/MPChartLib/src/main/java/com/github/mikephil/charting/renderer/scatter/IShapeRenderer.java
com.github.mikephil.charting.formatter.IAxisValueFormatter	/Users/nima/Developer/NullAwayFixer/Projects/MPAndroidChart/MPChartLib/src/main/java/com/github/mikephil/charting/formatter/IAxisValueFormatter.java
com.github.mikephil.charting.components.LimitLine	/Users/nima/Developer/NullAwayFixer/Projects/MPAndroidChart/MPChartLib/src/main/java/com/github/mikephil/charting/components/LimitLine.java
com.github.mikephil.charting.components.LimitLine$LimitLabelPosition	/Users/nima/Developer/NullAwayFixer/Projects/MPAndroidChart/MPChartLib/src/main/java/com/github/mikephil/charting/components/LimitLine.java
com.github.mikephil.charting.components.XAxis	/Users/nima/Developer/NullAwayFixer/Projects/MPAndroidChart/MPChartLib/src/main/java/com/github/mikephil/charting/components/XAxis.java
com.github.mikephil.charting.components.XAxis$XAxisPosition	/Users/nima/Developer/NullAwayFixer/Projects/MPAndroidChart/MPChartLib/src/main/java/com/github/mikephil/charting/components/XAxis.java
com.github.mikephil.charting.renderer.XAxisRenderer	/Users/nima/Developer/NullAwayFixer/Projects/MPAndroidChart/MPChartLib/src/main/java/com/github/mikephil/charting/renderer/XAxisRenderer.java
com.github.mikephil.charting.renderer.XAxisRendererRadarChart	/Users/nima/Developer/NullAwayFixer/Projects/MPAndroidChart/MPChartLib/src/main/java/com/github/mikephil/charting/renderer/XAxisRendererRadarChart.java
com.github.mikephil.charting.charts.RadarChart	/Users/nima/Developer/NullAwayFixer/Projects/MPAndroidChart/MPChartLib/src/main/java/com/github/mikephil/charting/charts/RadarChart.java
com.github.mikephil.charting.animation.Easing	/Users/nima/Developer/NullAwayFixer/Projects/MPAndroidChart/MPChartLib/src/main/java/com/github/mikephil/charting/animation/Easing.java
com.github.mikephil.charting.animation.Easing$EasingFunction	/Users/nima/Developer/NullAwayFixer/Projects/MPAndroidChart/MPChartLib/src/main/java/com/github/mikephil/charting/animation/Easing.java
com.github.mikephil.charting.animation.Easing$1	/Users/nima/Developer/NullAwayFixer/Projects/MPAndroidChart/MPChartLib/src/main/java/com/github/mikephil/charting/animation/Easing.java
com.github.mikephil.charting.animation.Easing$2	/Users/nima/Developer/NullAwayFixer/Projects/MPAndroidChart/MPChartLib/src/main/java/com/github/mikephil/charting/animation/Easing.java
com.github.mikephil.charting.animation.Easing$3	/Users/nima/Developer/NullAwayFixer/Projects/MPAndroidChart/MPChartLib/src/main/java/com/github/mikephil/charting/animation/Easing.java
com.github.mikephil.charting.animation.Easing$4	/Users/nima/Developer/NullAwayFixer/Projects/MPAndroidChart/MPChartLib/src/main/java/com/github/mikephil/charting/animation/Easing.java
com.github.mikephil.charting.animation.Easing$5	/Users/nima/Developer/NullAwayFixer/Projects/MPAndroidChart/MPChartLib/src/main/java/com/github/mikephil/charting/animation/Easing.java
com.github.mikephil.charting.animation.Easing$6	/Users/nima/Developer/NullAwayFixer/Projects/MPAndroidChart/MPChartLib/src/main/java/com/github/mikephil/charting/animation/Easing.java
com.github.mikephil.charting.animation.Easing$7	/Users/nima/Developer/NullAwayFixer/Projects/MPAndroidChart/MPChartLib/src/main/java/com/github/mikephil/charting/animation/Easing.java
com.github.mikephil.charting.animation.Easing$8	/Users/nima/Developer/NullAwayFixer/Projects/MPAndroidChart/MPChartLib/src/main/java/com/github/mikephil/charting/animation/Easing.java
com.github.mikephil.charting.animation.Easing$9	/Users/nima/Developer/NullAwayFixer/Projects/MPAndroidChart/MPChartLib/src/main/java/com/github/mikephil/charting/animation/Easing.java
com.github.mikephil.charting.animation.Easing$10	/Users/nima/Developer/NullAwayFixer/Projects/MPAndroidChart/MPChartLib/src/main/java/com/github/mikephil/charting/animation/Easing.java
com.github.mikephil.charting.animation.Easing$11	/Users/nima/Developer/NullAwayFixer/Projects/MPAndroidChart/MPChartLib/src/main/java/com/github/mikephil/charting/animation/Easing.java
com.github.mikephil.charting.animation.Easing$12	/Users/nima/Developer/NullAwayFixer/Projects/MPAndroidChart/MPChartLib/src/main/java/com/github/mikephil/charting/animation/Easing.java
com.github.mikephil.charting.animation.Easing$13	/Users/nima/Developer/NullAwayFixer/Projects/MPAndroidChart/MPChartLib/src/main/java/com/github/mikephil/charting/animation/Easing.java
com.github.mikephil.charting.animation.Easing$14	/Users/nima/Developer/NullAwayFixer/Projects/MPAndroidChart/MPChartLib/src/main/java/com/github/mikephil/charting/animation/Easing.java
com.github.mikephil.charting.animation.Easing$15	/Users/nima/Developer/NullAwayFixer/Projects/MPAndroidChart/MPChartLib/src/main/java/com/github/mikephil/charting/animation/Easing.java
com.github.mikephil.charting.animation.Easing$16	/Users/nima/Developer/NullAwayFixer/Projects/MPAndroidChart/MPChartLib/src/main/java/com/github/mikephil/charting/animation/Easing.java
com.github.mikephil.charting.animation.Easing$17	/Users/nima/Developer/NullAwayFixer/Projects/MPAndroidChart/MPChartLib/src/main/java/com/github/mikephil/charting/animation/Easing.java
com.github.mikephil.charting.animation.Easing$18	/Users/nima/Developer/NullAwayFixer/Projects/MPAndroidChart/MPChartLib/src/main/java/com/github/mikephil/charting/animation/Easing.java
com.github.mikephil.charting.animation.Easing$19	/Users/nima/Developer/NullAwayFixer/Projects/MPAndroidChart/MPChartLib/src/main/java/com/github/mikephil/charting/animation/Easing.java
com.github.mikephil.charting.animation.Easing$20	/Users/nima/Developer/NullAwayFixer/Projects/MPAndroidChart/MPChartLib/src/main/java/com/github/mikephil/charting/animation/Easing.java
com.github.mikephil.charting.animation.Easing$21	/Users/nima/Developer/NullAwayFixer/Projects/MPAndroidChart/MPChartLib/src/main/java/com/github/mikephil/charting/animation/Easing.java
com.github.mikephil.charting.animation.Easing$22	/Users/nima/Developer/NullAwayFixer/Projects/MPAndroidChart/MPChartLib/src/main/java/com/github/mikephil/charting/animation/Easing.java
com.github.mikephil.charting.animation.Easing$23	/Users/nima/Developer/NullAwayFixer/Projects/MPAndroidChart/MPChartLib/src/main/java/com/github/mikephil/charting/animation/Easing.java
com.github.mikephil.charting.animation.Easing$24	/Users/nima/Developer/NullAwayFixer/Projects/MPAndroidChart/MPChartLib/src/main/java/com/github/mikephil/charting/animation/Easing.java
com.github.mikephil.charting.animation.Easing$25	/Users/nima/Developer/NullAwayFixer/Projects/MPAndroidChart/MPChartLib/src/main/java/com/github/mikephil/charting/animation/Easing.java
com.github.mikephil.charting.animation.Easing$26	/Users/nima/Developer/NullAwayFixer/Projects/MPAndroidChart/MPChartLib/src/main/java/com/github/mikephil/charting/animation/Easing.java
com.github.mikephil.charting.animation.Easing$27	/Users/nima/Developer/NullAwayFixer/Projects/MPAndroidChart/MPChartLib/src/main/java/com/github/mikephil/charting/animation/Easing.java
com.github.mikephil.charting.animation.Easing$28	/Users/nima/Developer/NullAwayFixer/Projects/MPAndroidChart/MPChartLib/src/main/java/com/github/mikephil/charting/animation/Easing.java
com.github.mikephil.charting.charts.PieRadarChartBase	/Users/nima/Developer/NullAwayFixer/Projects/MPAndroidChart/MPChartLib/src/main/java/com/github/mikephil/charting/charts/PieRadarChartBase.java
com.github.mikephil.charting.charts.PieRadarChartBase$1	/Users/nima/Developer/NullAwayFixer/Projects/MPAndroidChart/MPChartLib/src/main/java/com/github/mikephil/charting/charts/PieRadarChartBase.java
com.github.mikephil.charting.charts.Chart	/Users/nima/Developer/NullAwayFixer/Projects/MPAndroidChart/MPChartLib/src/main/java/com/github/mikephil/charting/charts/Chart.java
com.github.mikephil.charting.charts.Chart$1	/Users/nima/Developer/NullAwayFixer/Projects/MPAndroidChart/MPChartLib/src/main/java/com/github/mikephil/charting/charts/Chart.java
com.github.mikephil.charting.data.RadarData	/Users/nima/Developer/NullAwayFixer/Projects/MPAndroidChart/MPChartLib/src/main/java/com/github/mikephil/charting/data/RadarData.java
com.github.mikephil.charting.interfaces.datasets.IRadarDataSet	/Users/nima/Developer/NullAwayFixer/Projects/MPAndroidChart/MPChartLib/src/main/java/com/github/mikephil/charting/interfaces/datasets/IRadarDataSet.java
com.github.mikephil.charting.data.RadarEntry	/Users/nima/Developer/NullAwayFixer/Projects/MPAndroidChart/MPChartLib/src/main/java/com/github/mikephil/charting/data/RadarEntry.java
com.github.mikephil.charting.renderer.YAxisRendererRadarChart	/Users/nima/Developer/NullAwayFixer/Projects/MPAndroidChart/MPChartLib/src/main/java/com/github/mikephil/charting/renderer/YAxisRendererRadarChart.java
com.github.mikephil.charting.renderer.YAxisRenderer	/Users/nima/Developer/NullAwayFixer/Projects/MPAndroidChart/MPChartLib/src/main/java/com/github/mikephil/charting/renderer/YAxisRenderer.java
com.github.mikephil.charting.formatter.DefaultValueFormatter	/Users/nima/Developer/NullAwayFixer/Projects/MPAndroidChart/MPChartLib/src/main/java/com/github/mikephil/charting/formatter/DefaultValueFormatter.java
com.github.mikephil.charting.components.Description	/Users/nima/Developer/NullAwayFixer/Projects/MPAndroidChart/MPChartLib/src/main/java/com/github/mikephil/charting/components/Description.java
com.github.mikephil.charting.listener.OnChartValueSelectedListener	/Users/nima/Developer/NullAwayFixer/Projects/MPAndroidChart/MPChartLib/src/main/java/com/github/mikephil/charting/listener/OnChartValueSelectedListener.java
com.github.mikephil.charting.listener.ChartTouchListener	/Users/nima/Developer/NullAwayFixer/Projects/MPAndroidChart/MPChartLib/src/main/java/com/github/mikephil/charting/listener/ChartTouchListener.java
com.github.mikephil.charting.listener.ChartTouchListener$ChartGesture	/Users/nima/Developer/NullAwayFixer/Projects/MPAndroidChart/MPChartLib/src/main/java/com/github/mikephil/charting/listener/ChartTouchListener.java
com.github.mikephil.charting.listener.OnChartGestureListener	/Users/nima/Developer/NullAwayFixer/Projects/MPAndroidChart/MPChartLib/src/main/java/com/github/mikephil/charting/listener/OnChartGestureListener.java
com.github.mikephil.charting.renderer.LegendRenderer	/Users/nima/Developer/NullAwayFixer/Projects/MPAndroidChart/MPChartLib/src/main/java/com/github/mikephil/charting/renderer/LegendRenderer.java
com.github.mikephil.charting.renderer.DataRenderer	/Users/nima/Developer/NullAwayFixer/Projects/MPAndroidChart/MPChartLib/src/main/java/com/github/mikephil/charting/renderer/DataRenderer.java
com.github.mikephil.charting.highlight.IHighlighter	/Users/nima/Developer/NullAwayFixer/Projects/MPAndroidChart/MPChartLib/src/main/java/com/github/mikephil/charting/highlight/IHighlighter.java
com.github.mikephil.charting.animation.ChartAnimator	/Users/nima/Developer/NullAwayFixer/Projects/MPAndroidChart/MPChartLib/src/main/java/com/github/mikephil/charting/animation/ChartAnimator.java
com.github.mikephil.charting.components.IMarker	/Users/nima/Developer/NullAwayFixer/Projects/MPAndroidChart/MPChartLib/src/main/java/com/github/mikephil/charting/components/IMarker.java
com.github.mikephil.charting.highlight.ChartHighlighter	/Users/nima/Developer/NullAwayFixer/Projects/MPAndroidChart/MPChartLib/src/main/java/com/github/mikephil/charting/highlight/ChartHighlighter.java
com.github.mikephil.charting.renderer.BarChartRenderer	/Users/nima/Developer/NullAwayFixer/Projects/MPAndroidChart/MPChartLib/src/main/java/com/github/mikephil/charting/renderer/BarChartRenderer.java
com.github.mikephil.charting.renderer.BarLineScatterCandleBubbleRenderer	/Users/nima/Developer/NullAwayFixer/Projects/MPAndroidChart/MPChartLib/src/main/java/com/github/mikephil/charting/renderer/BarLineScatterCandleBubbleRenderer.java
com.github.mikephil.charting.renderer.BarLineScatterCandleBubbleRenderer$XBounds	/Users/nima/Developer/NullAwayFixer/Projects/MPAndroidChart/MPChartLib/src/main/java/com/github/mikephil/charting/renderer/BarLineScatterCandleBubbleRenderer.java
com.github.mikephil.charting.interfaces.dataprovider.BarDataProvider	/Users/nima/Developer/NullAwayFixer/Projects/MPAndroidChart/MPChartLib/src/main/java/com/github/mikephil/charting/interfaces/dataprovider/BarDataProvider.java
com.github.mikephil.charting.buffer.BarBuffer	/Users/nima/Developer/NullAwayFixer/Projects/MPAndroidChart/MPChartLib/src/main/java/com/github/mikephil/charting/buffer/BarBuffer.java
com.github.mikephil.charting.buffer.AbstractBuffer	/Users/nima/Developer/NullAwayFixer/Projects/MPAndroidChart/MPChartLib/src/main/java/com/github/mikephil/charting/buffer/AbstractBuffer.java
com.github.mikephil.charting.interfaces.datasets.IBarDataSet	/Users/nima/Developer/NullAwayFixer/Projects/MPAndroidChart/MPChartLib/src/main/java/com/github/mikephil/charting/interfaces/datasets/IBarDataSet.java
com.github.mikephil.charting.data.BarEntry	/Users/nima/Developer/NullAwayFixer/Projects/MPAndroidChart/MPChartLib/src/main/java/com/github/mikephil/charting/data/BarEntry.java
com.github.mikephil.charting.utils.Fill	/Users/nima/Developer/NullAwayFixer/Projects/MPAndroidChart/MPChartLib/src/main/java/com/github/mikephil/charting/utils/Fill.java
com.github.mikephil.charting.utils.Fill$Type	/Users/nima/Developer/NullAwayFixer/Projects/MPAndroidChart/MPChartLib/src/main/java/com/github/mikephil/charting/utils/Fill.java
com.github.mikephil.charting.utils.Fill$Direction	/Users/nima/Developer/NullAwayFixer/Projects/MPAndroidChart/MPChartLib/src/main/java/com/github/mikephil/charting/utils/Fill.java
com.github.mikephil.charting.highlight.Range	/Users/nima/Developer/NullAwayFixer/Projects/MPAndroidChart/MPChartLib/src/main/java/com/github/mikephil/charting/highlight/Range.java
com.github.mikephil.charting.data.BarData	/Users/nima/Developer/NullAwayFixer/Projects/MPAndroidChart/MPChartLib/src/main/java/com/github/mikephil/charting/data/BarData.java
com.github.mikephil.charting.renderer.LineScatterCandleRadarRenderer	/Users/nima/Developer/NullAwayFixer/Projects/MPAndroidChart/MPChartLib/src/main/java/com/github/mikephil/charting/renderer/LineScatterCandleRadarRenderer.java
com.github.mikephil.charting.renderer.LineRadarRenderer	/Users/nima/Developer/NullAwayFixer/Projects/MPAndroidChart/MPChartLib/src/main/java/com/github/mikephil/charting/renderer/LineRadarRenderer.java
com.github.mikephil.charting.renderer.CandleStickChartRenderer	/Users/nima/Developer/NullAwayFixer/Projects/MPAndroidChart/MPChartLib/src/main/java/com/github/mikephil/charting/renderer/CandleStickChartRenderer.java
com.github.mikephil.charting.interfaces.dataprovider.CandleDataProvider	/Users/nima/Developer/NullAwayFixer/Projects/MPAndroidChart/MPChartLib/src/main/java/com/github/mikephil/charting/interfaces/dataprovider/CandleDataProvider.java
com.github.mikephil.charting.data.CandleData	/Users/nima/Developer/NullAwayFixer/Projects/MPAndroidChart/MPChartLib/src/main/java/com/github/mikephil/charting/data/CandleData.java
com.github.mikephil.charting.renderer.PieChartRenderer	/Users/nima/Developer/NullAwayFixer/Projects/MPAndroidChart/MPChartLib/src/main/java/com/github/mikephil/charting/renderer/PieChartRenderer.java
com.github.mikephil.charting.charts.PieChart	/Users/nima/Developer/NullAwayFixer/Projects/MPAndroidChart/MPChartLib/src/main/java/com/github/mikephil/charting/charts/PieChart.java
com.github.mikephil.charting.data.PieData	/Users/nima/Developer/NullAwayFixer/Projects/MPAndroidChart/MPChartLib/src/main/java/com/github/mikephil/charting/data/PieData.java
com.github.mikephil.charting.interfaces.datasets.IPieDataSet	/Users/nima/Developer/NullAwayFixer/Projects/MPAndroidChart/MPChartLib/src/main/java/com/github/mikephil/charting/interfaces/datasets/IPieDataSet.java
com.github.mikephil.charting.data.PieEntry	/Users/nima/Developer/NullAwayFixer/Projects/MPAndroidChart/MPChartLib/src/main/java/com/github/mikephil/charting/data/PieEntry.java
com.github.mikephil.charting.data.PieDataSet	/Users/nima/Developer/NullAwayFixer/Projects/MPAndroidChart/MPChartLib/src/main/java/com/github/mikephil/charting/data/PieDataSet.java
com.github.mikephil.charting.data.PieDataSet$ValuePosition	/Users/nima/Developer/NullAwayFixer/Projects/MPAndroidChart/MPChartLib/src/main/java/com/github/mikephil/charting/data/PieDataSet.java
com.github.mikephil.charting.renderer.ScatterChartRenderer	/Users/nima/Developer/NullAwayFixer/Projects/MPAndroidChart/MPChartLib/src/main/java/com/github/mikephil/charting/renderer/ScatterChartRenderer.java
com.github.mikephil.charting.interfaces.dataprovider.ScatterDataProvider	/Users/nima/Developer/NullAwayFixer/Projects/MPAndroidChart/MPChartLib/src/main/java/com/github/mikephil/charting/interfaces/dataprovider/ScatterDataProvider.java
com.github.mikephil.charting.data.ScatterData	/Users/nima/Developer/NullAwayFixer/Projects/MPAndroidChart/MPChartLib/src/main/java/com/github/mikephil/charting/data/ScatterData.java
com.github.mikephil.charting.renderer.scatter.CrossShapeRenderer	/Users/nima/Developer/NullAwayFixer/Projects/MPAndroidChart/MPChartLib/src/main/java/com/github/mikephil/charting/renderer/scatter/CrossShapeRenderer.java
com.github.mikephil.charting.renderer.scatter.ChevronUpShapeRenderer	/Users/nima/Developer/NullAwayFixer/Projects/MPAndroidChart/MPChartLib/src/main/java/com/github/mikephil/charting/renderer/scatter/ChevronUpShapeRenderer.java
com.github.mikephil.charting.renderer.scatter.ChevronDownShapeRenderer	/Users/nima/Developer/NullAwayFixer/Projects/MPAndroidChart/MPChartLib/src/main/java/com/github/mikephil/charting/renderer/scatter/ChevronDownShapeRenderer.java
com.github.mikephil.charting.renderer.scatter.SquareShapeRenderer	/Users/nima/Developer/NullAwayFixer/Projects/MPAndroidChart/MPChartLib/src/main/java/com/github/mikephil/charting/renderer/scatter/SquareShapeRenderer.java
com.github.mikephil.charting.renderer.scatter.CircleShapeRenderer	/Users/nima/Developer/NullAwayFixer/Projects/MPAndroidChart/MPChartLib/src/main/java/com/github/mikephil/charting/renderer/scatter/CircleShapeRenderer.java
com.github.mikephil.charting.renderer.scatter.XShapeRenderer	/Users/nima/Developer/NullAwayFixer/Projects/MPAndroidChart/MPChartLib/src/main/java/com/github/mikephil/charting/renderer/scatter/XShapeRenderer.java
com.github.mikephil.charting.renderer.scatter.TriangleShapeRenderer	/Users/nima/Developer/NullAwayFixer/Projects/MPAndroidChart/MPChartLib/src/main/java/com/github/mikephil/charting/renderer/scatter/TriangleShapeRenderer.java
com.github.mikephil.charting.renderer.HorizontalBarChartRenderer	/Users/nima/Developer/NullAwayFixer/Projects/MPAndroidChart/MPChartLib/src/main/java/com/github/mikephil/charting/renderer/HorizontalBarChartRenderer.java
com.github.mikephil.charting.renderer.YAxisRendererHorizontalBarChart	/Users/nima/Developer/NullAwayFixer/Projects/MPAndroidChart/MPChartLib/src/main/java/com/github/mikephil/charting/renderer/YAxisRendererHorizontalBarChart.java
com.github.mikephil.charting.renderer.LineChartRenderer	/Users/nima/Developer/NullAwayFixer/Projects/MPAndroidChart/MPChartLib/src/main/java/com/github/mikephil/charting/renderer/LineChartRenderer.java
com.github.mikephil.charting.renderer.LineChartRenderer$DataSetImageCache	/Users/nima/Developer/NullAwayFixer/Projects/MPAndroidChart/MPChartLib/src/main/java/com/github/mikephil/charting/renderer/LineChartRenderer.java
com.github.mikephil.charting.charts.CombinedChart	/Users/nima/Developer/NullAwayFixer/Projects/MPAndroidChart/MPChartLib/src/main/java/com/github/mikephil/charting/charts/CombinedChart.java
com.github.mikephil.charting.charts.CombinedChart$DrawOrder	/Users/nima/Developer/NullAwayFixer/Projects/MPAndroidChart/MPChartLib/src/main/java/com/github/mikephil/charting/charts/CombinedChart.java
com.github.mikephil.charting.renderer.CombinedChartRenderer	/Users/nima/Developer/NullAwayFixer/Projects/MPAndroidChart/MPChartLib/src/main/java/com/github/mikephil/charting/renderer/CombinedChartRenderer.java
com.github.mikephil.charting.charts.BarLineChartBase	/Users/nima/Developer/NullAwayFixer/Projects/MPAndroidChart/MPChartLib/src/main/java/com/github/mikephil/charting/charts/BarLineChartBase.java
com.github.mikephil.charting.charts.BarLineChartBase$1	/Users/nima/Developer/NullAwayFixer/Projects/MPAndroidChart/MPChartLib/src/main/java/com/github/mikephil/charting/charts/BarLineChartBase.java
com.github.mikephil.charting.interfaces.dataprovider.CombinedDataProvider	/Users/nima/Developer/NullAwayFixer/Projects/MPAndroidChart/MPChartLib/src/main/java/com/github/mikephil/charting/interfaces/dataprovider/CombinedDataProvider.java
com.github.mikephil.charting.interfaces.dataprovider.BubbleDataProvider	/Users/nima/Developer/NullAwayFixer/Projects/MPAndroidChart/MPChartLib/src/main/java/com/github/mikephil/charting/interfaces/dataprovider/BubbleDataProvider.java
com.github.mikephil.charting.data.CombinedData	/Users/nima/Developer/NullAwayFixer/Projects/MPAndroidChart/MPChartLib/src/main/java/com/github/mikephil/charting/data/CombinedData.java
com.github.mikephil.charting.data.BubbleData	/Users/nima/Developer/NullAwayFixer/Projects/MPAndroidChart/MPChartLib/src/main/java/com/github/mikephil/charting/data/BubbleData.java
com.github.mikephil.charting.listener.OnDrawListener	/Users/nima/Developer/NullAwayFixer/Projects/MPAndroidChart/MPChartLib/src/main/java/com/github/mikephil/charting/listener/OnDrawListener.java
com.github.mikephil.charting.renderer.RadarChartRenderer	/Users/nima/Developer/NullAwayFixer/Projects/MPAndroidChart/MPChartLib/src/main/java/com/github/mikephil/charting/renderer/RadarChartRenderer.java
com.github.mikephil.charting.renderer.BubbleChartRenderer	/Users/nima/Developer/NullAwayFixer/Projects/MPAndroidChart/MPChartLib/src/main/java/com/github/mikephil/charting/renderer/BubbleChartRenderer.java
com.github.mikephil.charting.renderer.XAxisRendererHorizontalBarChart	/Users/nima/Developer/NullAwayFixer/Projects/MPAndroidChart/MPChartLib/src/main/java/com/github/mikephil/charting/renderer/XAxisRendererHorizontalBarChart.java
com.github.mikephil.charting.charts.BarChart	/Users/nima/Developer/NullAwayFixer/Projects/MPAndroidChart/MPChartLib/src/main/java/com/github/mikephil/charting/charts/BarChart.java
com.github.mikephil.charting.Initializer	/Users/nima/Developer/NullAwayFixer/Projects/MPAndroidChart/MPChartLib/src/main/java/com/github/mikephil/charting/Initializer.java
com.github.mikephil.charting.listener.OnDrawLineChartTouchListener	/Users/nima/Developer/NullAwayFixer/Projects/MPAndroidChart/MPChartLib/src/main/java/com/github/mikephil/charting/listener/OnDrawLineChartTouchListener.java
com.github.mikephil.charting.listener.PieRadarChartTouchListener	/Users/nima/Developer/NullAwayFixer/Projects/MPAndroidChart/MPChartLib/src/main/java/com/github/mikephil/charting/listener/PieRadarChartTouchListener.java
com.github.mikephil.charting.listener.PieRadarChartTouchListener$AngularVelocitySample	/Users/nima/Developer/NullAwayFixer/Projects/MPAndroidChart/MPChartLib/src/main/java/com/github/mikephil/charting/listener/PieRadarChartTouchListener.java
com.github.mikephil.charting.listener.BarLineChartTouchListener	/Users/nima/Developer/NullAwayFixer/Projects/MPAndroidChart/MPChartLib/src/main/java/com/github/mikephil/charting/listener/BarLineChartTouchListener.java
com.github.mikephil.charting.highlight.CombinedHighlighter	/Users/nima/Developer/NullAwayFixer/Projects/MPAndroidChart/MPChartLib/src/main/java/com/github/mikephil/charting/highlight/CombinedHighlighter.java
com.github.mikephil.charting.highlight.BarHighlighter	/Users/nima/Developer/NullAwayFixer/Projects/MPAndroidChart/MPChartLib/src/main/java/com/github/mikephil/charting/highlight/BarHighlighter.java
com.github.mikephil.charting.highlight.PieRadarHighlighter	/Users/nima/Developer/NullAwayFixer/Projects/MPAndroidChart/MPChartLib/src/main/java/com/github/mikephil/charting/highlight/PieRadarHighlighter.java
com.github.mikephil.charting.highlight.HorizontalBarHighlighter	/Users/nima/Developer/NullAwayFixer/Projects/MPAndroidChart/MPChartLib/src/main/java/com/github/mikephil/charting/highlight/HorizontalBarHighlighter.java
com.github.mikephil.charting.highlight.RadarHighlighter	/Users/nima/Developer/NullAwayFixer/Projects/MPAndroidChart/MPChartLib/src/main/java/com/github/mikephil/charting/highlight/RadarHighlighter.java
com.github.mikephil.charting.highlight.PieHighlighter	/Users/nima/Developer/NullAwayFixer/Projects/MPAndroidChart/MPChartLib/src/main/java/com/github/mikephil/charting/highlight/PieHighlighter.java
com.github.mikephil.charting.charts.BubbleChart	/Users/nima/Developer/NullAwayFixer/Projects/MPAndroidChart/MPChartLib/src/main/java/com/github/mikephil/charting/charts/BubbleChart.java
com.github.mikephil.charting.charts.ScatterChart	/Users/nima/Developer/NullAwayFixer/Projects/MPAndroidChart/MPChartLib/src/main/java/com/github/mikephil/charting/charts/ScatterChart.java
com.github.mikephil.charting.charts.ScatterChart$ScatterShape	/Users/nima/Developer/NullAwayFixer/Projects/MPAndroidChart/MPChartLib/src/main/java/com/github/mikephil/charting/charts/ScatterChart.java
com.github.mikephil.charting.charts.LineChart	/Users/nima/Developer/NullAwayFixer/Projects/MPAndroidChart/MPChartLib/src/main/java/com/github/mikephil/charting/charts/LineChart.java
com.github.mikephil.charting.charts.HorizontalBarChart	/Users/nima/Developer/NullAwayFixer/Projects/MPAndroidChart/MPChartLib/src/main/java/com/github/mikephil/charting/charts/HorizontalBarChart.java
com.github.mikephil.charting.charts.CandleStickChart	/Users/nima/Developer/NullAwayFixer/Projects/MPAndroidChart/MPChartLib/src/main/java/com/github/mikephil/charting/charts/CandleStickChart.java
com.github.mikephil.charting.utils.ColorTemplate	/Users/nima/Developer/NullAwayFixer/Projects/MPAndroidChart/MPChartLib/src/main/java/com/github/mikephil/charting/utils/ColorTemplate.java
com.github.mikephil.charting.utils.TransformerHorizontalBarChart	/Users/nima/Developer/NullAwayFixer/Projects/MPAndroidChart/MPChartLib/src/main/java/com/github/mikephil/charting/utils/TransformerHorizontalBarChart.java
com.github.mikephil.charting.utils.FileUtils	/Users/nima/Developer/NullAwayFixer/Projects/MPAndroidChart/MPChartLib/src/main/java/com/github/mikephil/charting/utils/FileUtils.java
com.github.mikephil.charting.utils.HorizontalViewPortHandler	/Users/nima/Developer/NullAwayFixer/Projects/MPAndroidChart/MPChartLib/src/main/java/com/github/mikephil/charting/utils/HorizontalViewPortHandler.java
com.github.mikephil.charting.utils.Utils	/Users/nima/Developer/NullAwayFixer/Projects/MPAndroidChart/MPChartLib/src/main/java/com/github/mikephil/charting/utils/Utils.java
com.github.mikephil.charting.utils.EntryXComparator	/Users/nima/Developer/NullAwayFixer/Projects/MPAndroidChart/MPChartLib/src/main/java/com/github/mikephil/charting/utils/EntryXComparator.java
com.github.mikephil.charting.components.MarkerView	/Users/nima/Developer/NullAwayFixer/Projects/MPAndroidChart/MPChartLib/src/main/java/com/github/mikephil/charting/components/MarkerView.java
com.github.mikephil.charting.components.MarkerImage	/Users/nima/Developer/NullAwayFixer/Projects/MPAndroidChart/MPChartLib/src/main/java/com/github/mikephil/charting/components/MarkerImage.java
com.github.mikephil.charting.formatter.DefaultFillFormatter	/Users/nima/Developer/NullAwayFixer/Projects/MPAndroidChart/MPChartLib/src/main/java/com/github/mikephil/charting/formatter/DefaultFillFormatter.java
com.github.mikephil.charting.formatter.IndexAxisValueFormatter	/Users/nima/Developer/NullAwayFixer/Projects/MPAndroidChart/MPChartLib/src/main/java/com/github/mikephil/charting/formatter/IndexAxisValueFormatter.java
com.github.mikephil.charting.formatter.PercentFormatter	/Users/nima/Developer/NullAwayFixer/Projects/MPAndroidChart/MPChartLib/src/main/java/com/github/mikephil/charting/formatter/PercentFormatter.java
com.github.mikephil.charting.formatter.LargeValueFormatter	/Users/nima/Developer/NullAwayFixer/Projects/MPAndroidChart/MPChartLib/src/main/java/com/github/mikephil/charting/formatter/LargeValueFormatter.java
com.github.mikephil.charting.formatter.DefaultAxisValueFormatter	/Users/nima/Developer/NullAwayFixer/Projects/MPAndroidChart/MPChartLib/src/main/java/com/github/mikephil/charting/formatter/DefaultAxisValueFormatter.java
com.github.mikephil.charting.formatter.ColorFormatter	/Users/nima/Developer/NullAwayFixer/Projects/MPAndroidChart/MPChartLib/src/main/java/com/github/mikephil/charting/formatter/ColorFormatter.java
com.github.mikephil.charting.formatter.StackedValueFormatter	/Users/nima/Developer/NullAwayFixer/Projects/MPAndroidChart/MPChartLib/src/main/java/com/github/mikephil/charting/formatter/StackedValueFormatter.java
com.github.mikephil.charting.NullUnmarked	/Users/nima/Developer/NullAwayFixer/Projects/MPAndroidChart/MPChartLib/src/main/java/com/github/mikephil/charting/NullUnmarked.java
com.github.mikephil.charting.model.GradientColor	/Users/nima/Developer/NullAwayFixer/Projects/MPAndroidChart/MPChartLib/src/main/java/com/github/mikephil/charting/model/GradientColor.java
com.github.mikephil.charting.jobs.ViewPortJob	/Users/nima/Developer/NullAwayFixer/Projects/MPAndroidChart/MPChartLib/src/main/java/com/github/mikephil/charting/jobs/ViewPortJob.java
com.github.mikephil.charting.jobs.AnimatedMoveViewJob	/Users/nima/Developer/NullAwayFixer/Projects/MPAndroidChart/MPChartLib/src/main/java/com/github/mikephil/charting/jobs/AnimatedMoveViewJob.java
com.github.mikephil.charting.jobs.AnimatedViewPortJob	/Users/nima/Developer/NullAwayFixer/Projects/MPAndroidChart/MPChartLib/src/main/java/com/github/mikephil/charting/jobs/AnimatedViewPortJob.java
com.github.mikephil.charting.jobs.ZoomJob	/Users/nima/Developer/NullAwayFixer/Projects/MPAndroidChart/MPChartLib/src/main/java/com/github/mikephil/charting/jobs/ZoomJob.java
com.github.mikephil.charting.jobs.MoveViewJob	/Users/nima/Developer/NullAwayFixer/Projects/MPAndroidChart/MPChartLib/src/main/java/com/github/mikephil/charting/jobs/MoveViewJob.java
com.github.mikephil.charting.jobs.AnimatedZoomJob	/Users/nima/Developer/NullAwayFixer/Projects/MPAndroidChart/MPChartLib/src/main/java/com/github/mikephil/charting/jobs/AnimatedZoomJob.java
com.github.mikephil.charting.data.RadarDataSet	/Users/nima/Developer/NullAwayFixer/Projects/MPAndroidChart/MPChartLib/src/main/java/com/github/mikephil/charting/data/RadarDataSet.java
com.github.mikephil.charting.data.BubbleDataSet	/Users/nima/Developer/NullAwayFixer/Projects/MPAndroidChart/MPChartLib/src/main/java/com/github/mikephil/charting/data/BubbleDataSet.java
com.github.mikephil.charting.data.CandleDataSet	/Users/nima/Developer/NullAwayFixer/Projects/MPAndroidChart/MPChartLib/src/main/java/com/github/mikephil/charting/data/CandleDataSet.java
com.github.mikephil.charting.data.ScatterDataSet	/Users/nima/Developer/NullAwayFixer/Projects/MPAndroidChart/MPChartLib/src/main/java/com/github/mikephil/charting/data/ScatterDataSet.java
com.github.mikephil.charting.data.BarDataSet	/Users/nima/Developer/NullAwayFixer/Projects/MPAndroidChart/MPChartLib/src/main/java/com/github/mikephil/charting/data/BarDataSet.java
com.github.mikephil.charting.data.filter.ApproximatorN	/Users/nima/Developer/NullAwayFixer/Projects/MPAndroidChart/MPChartLib/src/main/java/com/github/mikephil/charting/data/filter/ApproximatorN.java
com.github.mikephil.charting.data.filter.ApproximatorN$Line	/Users/nima/Developer/NullAwayFixer/Projects/MPAndroidChart/MPChartLib/src/main/java/com/github/mikephil/charting/data/filter/ApproximatorN.java
com.github.mikephil.charting.data.filter.Approximator	/Users/nima/Developer/NullAwayFixer/Projects/MPAndroidChart/MPChartLib/src/main/java/com/github/mikephil/charting/data/filter/Approximator.java
com.github.mikephil.charting.data.filter.Approximator$Line	/Users/nima/Developer/NullAwayFixer/Projects/MPAndroidChart/MPChartLib/src/main/java/com/github/mikephil/charting/data/filter/Approximator.java
com.github.mikephil.charting.exception.DrawingDataSetNotCreatedException	/Users/nima/Developer/NullAwayFixer/Projects/MPAndroidChart/MPChartLib/src/main/java/com/github/mikephil/charting/exception/DrawingDataSetNotCreatedException.java
com.github.mikephil.charting.matrix.Vector3	/Users/nima/Developer/NullAwayFixer/Projects/MPAndroidChart/MPChartLib/src/main/java/com/github/mikephil/charting/matrix/Vector3.java
com.github.mikephil.charting.buffer.HorizontalBarBuffer	/Users/nima/Developer/NullAwayFixer/Projects/MPAndroidChart/MPChartLib/src/main/java/com/github/mikephil/charting/buffer/HorizontalBarBuffer.java
com.github.mikephil.charting.BuildConfig	/Users/nima/Developer/NullAwayFixer/Projects/MPAndroidChart/MPChartLib/build/generated/source/buildConfig/debug/com/github/mikephil/charting/BuildConfig.java
